{
    "llama2-13b": {
        "total_responses": 19961,
        "responses_with_match": 19958,
        "response_succes_rate": 99.98497069285106,
        "response_avg_duration": 14.899288152294702,
        "total_duration": 297404.6908079545,
        "avg_response_len": 502.4893542407695
    },
    "mistral": {
        "total_responses": 19961,
        "responses_with_match": 17380,
        "response_succes_rate": 87.06978608286158,
        "response_avg_duration": 9.380284290370186,
        "total_duration": 187230.47443578893,
        "avg_response_len": 196.31082164328657
    },
    "mixtral-fp16": {
        "total_responses": 19961,
        "responses_with_match": 6990,
        "response_succes_rate": 35.018285657031214,
        "response_avg_duration": 46.99387351691164,
        "total_duration": 334831.34880799544,
        "avg_response_len": 429.0722807017544
    },
    "mixtral": {
        "total_responses": 19961,
        "responses_with_match": 19288,
        "response_succes_rate": 96.6284254295877,
        "response_avg_duration": 13.459555939164188,
        "total_duration": 264278.38086548884,
        "avg_response_len": 784.3679144385027
    }
}